
<!-- To modify this file, plz BE AWARE THAT DesignToken might auto process this file.
To avoid compiling issues, DO NOT add tokens that are CONFLCIT WITH STANDARD TOKENS. -->
<resources>
    <color name="White">#FFFFFF</color>
    <color name="BW_97">#F7F7F7</color>
    <color name="BW_95">#F2F2F2</color>
    <color name="BW_93">#EDEDED</color>
    <color name="BW_90">#E5E5E5</color>
    <color name="BW_50">#808080</color>
    <color name="BW_20">#303030</color>
    <color name="BW_10">#181818</color>
    <color name="BW_0">#000000</color>
    <color name="BW_BG_100">#FFFFFF</color>
    <color name="BW_BG_20">#333333</color>
    <color name="BW_BG_0">#000000</color>
    <color name="Link_Finder">#002666,#DEE9FF</color>
    <color name="TextGreen">#06AE56,#259C5C</color>
    <color name="Subbrand_FG_0_5">#000000E5,#FFFFFF99</color>
    <color name="Subbrand_Link_100">#002666,#DEE9FF</color>
    <color name="Subbrand_OrangeRed_100">#FF6146,#FF6146</color>
    <color name="Overlay_0">#000000CC,#000000CC</color>
    <color name="Overlay_1">#00000080,#000000CC</color>
    <color name="Button_Primary_Overlay_FG">#000000E5</color>
    <color name="TopNavigationBar_transparentBG">#00000000</color>
    <color name="Button_Disabled_Overlay_BG">#F7F7F74D</color>
    <color name="Button_Secondary_Overlay_BG">#F7F7F74D</color>
    <color name="SearchBar_Filled_GreyBG">#EDEDEDCC</color>
    <color name="Sheet_Grabbar_GrabFold_Color">#0000000D</color>
    <color name="Sheet_Grabbar_Grab_Color">#0000000D</color>
    <color name="Sheet_TopNavigationBar_LeftSide_Fold_FoldColor">#0000000D</color>
    <color name="Ecs_Gift_Tag_Color">#C8996B</color>
</resources>
