
<!-- This file is auto-generated by DesignToken. DO NOT MODIFY IT MANUALLY.
 For more infomation, view https://iwiki.woa.com/pages/viewpage.action?pageId=4008356115 -->
<resources>
    <color name="BG_0">#EDEDED,#111111</color>
    <color name="BG_1">#F7F7F7,#1E1E1E</color>
    <color name="BG_2">#FFFFFF,#191919</color>
    <color name="BG_3">#F7F7F7,#202020</color>
    <color name="BG_4">#4C4C4C,#404040</color>
    <color name="BG_5">#FFFFFF,#2C2C2C</color>
    <color name="Blue_100">#10AEFF,#10AEFF</color>
    <color name="Blue_120">#3FBEFF,#0C8BCC</color>
    <color name="Blue_170">#B7E6FF,#04344D</color>
    <color name="Blue_80">#0C8BCC,#3FBEFF</color>
    <color name="Blue_90">#0E9CE6,#28B6FF</color>
    <color name="Blue_BG_100">#48A6E2,#48A6E2</color>
    <color name="Blue_BG_110">#5AAFE4,#4095CB</color>
    <color name="Blue_BG_130">#7FC0EA,#32749E</color>
    <color name="Blue_BG_90">#4095CB,#5AAFE4</color>
    <color name="Brand_100">#07C160,#07C160</color>
    <color name="Brand_120">#38CD7F,#059A4C</color>
    <color name="Brand_170">#B4ECCE,#023A1C</color>
    <color name="Brand_80">#059A4C,#38CD7F</color>
    <color name="Brand_90">#06AE56,#20C770</color>
    <color name="Brand_BG_100">#2AAE67,#2AAE67</color>
    <color name="Brand_BG_110">#3EB575,#259C5C</color>
    <color name="Brand_BG_130">#69C694,#1D7A48</color>
    <color name="Brand_BG_90">#259C5C,#3EB575</color>
    <color name="DropShadow">#0000001A,#0000001A</color>
    <color name="FG_0">#000000E5,#FFFFFFCC</color>
    <color name="FG_0_5">#000000E5,#FFFFFF99</color>
    <color name="FG_1">#0000008C,#FFFFFF80</color>
    <color name="FG_2">#0000004D,#FFFFFF4D</color>
    <color name="FG_3">#0000001A,#FFFFFF0D</color>
    <color name="FG_4">#00000026,#FFFFFF26</color>
    <color name="Glyph_0" cname="FG_0">#000000E5,#FFFFFFCC</color>
    <color name="Glyph_1" cname="FG_1">#0000008C,#FFFFFF80</color>
    <color name="Glyph_2" cname="FG_2">#0000004D,#FFFFFF4D</color>
    <color name="Glyph_White_0">#FFFFFFCC</color>
    <color name="Glyph_White_1">#FFFFFF80</color>
    <color name="Glyph_White_2">#FFFFFF4D</color>
    <color name="Glyph_White_3">#FFFFFF,#FFFFFF</color>
    <color name="Green_100">#91D300,#74A800</color>
    <color name="Green_120">#A7DB33,#5C8600</color>
    <color name="Green_170">#DEF1B3,#233200</color>
    <color name="Green_80">#74A800,#8FB933</color>
    <color name="Green_90">#82BD00,#82B01A</color>
    <color name="Green_BG_100">#96BE40,#789833</color>
    <color name="Green_BG_110">#A0C452,#6B882D</color>
    <color name="Green_BG_130">#B5D179,#65802B</color>
    <color name="Green_BG_90">#86AA39,#85A247</color>
    <color name="Indigo_100">#1485EE,#1196FF</color>
    <color name="Indigo_120">#439DF1,#0D78CC</color>
    <color name="Indigo_170">#B8DAF9,#052D4D</color>
    <color name="Indigo_80">#106ABE,#40ABFF</color>
    <color name="Indigo_90">#1277D6,#28A0FF</color>
    <color name="Indigo_BG_100">#2B77BF,#0D78CC</color>
    <color name="Indigo_BG_110">#3F84C5,#0B6BB7</color>
    <color name="Indigo_BG_130">#6BA0D2,#09548F</color>
    <color name="Indigo_BG_90">#266AAB,#2585D1</color>
    <color name="LightGreen_100">#95EC69,#3EB575</color>
    <color name="LightGreen_120">#AAEF87,#31905D</color>
    <color name="LightGreen_170">#DEF9D1,#123522</color>
    <color name="LightGreen_80">#77BC54,#64C390</color>
    <color name="LightGreen_90">#85D35E,#51BC83</color>
    <color name="LightGreen_BG_100">#72CF60,#31905D</color>
    <color name="LightGreen_BG_110">#80D370,#2C8153</color>
    <color name="LightGreen_BG_130">#9CDD90,#226541</color>
    <color name="LightGreen_BG_90">#66B956,#31905D</color>
    <color name="LinkFinder_100">#002666,#DEE9FF</color>
    <color name="Link_100">#576B95,#7D90A9</color>
    <color name="Link_120">#7888AA,#647387</color>
    <color name="Link_170">#CCD2DE,#252A32</color>
    <color name="Link_80">#455577,#97A6BA</color>
    <color name="Link_90">#4E6085,#899AB1</color>
    <color name="Material_AttachmentColumn">#F5F5F5F2,#202020ED</color>
    <color name="Material_NavigationBar">#EDEDEDF0,#121212E5</color>
    <color name="Material_Regular">#F7F7F74D,#25252599</color>
    <color name="Material_Thick">#F7F7F7CC,#222222E5</color>
    <color name="Material_Thin">#FFFFFF33,#5F5F5F66</color>
    <color name="Material_Toolbar">#F6F6F6D1,#232323ED</color>
    <color name="OrangeRed_100">#FF6146,#FF6146</color>
    <color name="Orange_100">#FA9D3B,#C87D2F</color>
    <color name="Orange_120">#FBB062,#A06425</color>
    <color name="Orange_170">#FDE1C3,#3B250E</color>
    <color name="Orange_80">#C87D2F,#D39758</color>
    <color name="Orange_90">#E08C34,#CD8943</color>
    <color name="Orange_BG_100">#EA7800,#BB6000</color>
    <color name="Orange_BG_110">#EC8519,#A85600</color>
    <color name="Orange_BG_130">#F0A04D,#824300</color>
    <color name="Orange_BG_90">#D26B00,#C1701A</color>
    <color name="Overlay">#00000080,#000000CC</color>
    <color name="Overlay_White">#F2F2F2CC,#F2F2F2CC</color>
    <color name="Purple_100">#6467F0,#8183FF</color>
    <color name="Purple_120">#8385F3,#6768CC</color>
    <color name="Purple_170">#D0D1FA,#26274C</color>
    <color name="Purple_80">#5052C0,#9A9BFF</color>
    <color name="Purple_90">#595CD7,#8D8FFF</color>
    <color name="Purple_BG_100">#6769BA,#6768CC</color>
    <color name="Purple_BG_110">#7678C1,#5C5DB7</color>
    <color name="Purple_BG_130">#9496CE,#48498F</color>
    <color name="Purple_BG_90">#5C5EA7,#7677D1</color>
    <color name="Red_100">#FA5151,#FA5151</color>
    <color name="Red_120">#FB7373,#C84040</color>
    <color name="Red_170">#FDCACA,#4B1818</color>
    <color name="Red_80">#C84040,#FB7373</color>
    <color name="Red_90">#E14949,#FA6262</color>
    <color name="Red_BG_100">#CF5148,#CF5148</color>
    <color name="Red_BG_110">#D3625A,#BA4940</color>
    <color name="Red_BG_130">#DD847E,#913832</color>
    <color name="Red_BG_90">#B94840,#D3625A</color>
    <color name="Secondary_BG">#0000000D,#FFFFFF1A</color>
    <color name="Separator_0" cname="FG_3">#0000001A,#FFFFFF0D</color>
    <color name="Separator_1" cname="FG_4">#00000026,#FFFFFF26</color>
    <color name="StateLayer_Hovered">#00000005,#FFFFFF05</color>
    <color name="StateLayer_Pressed" cname="FG_3">#0000001A,#FFFFFF0D</color>
    <color name="StateLayer_PressedStrengthened">#00000033,#FFFFFF33</color>
    <color name="Yellow_100">#FFBB00,#CC9C00</color>
    <color name="Yellow_120">#FFCF33,#A37C00</color>
    <color name="Yellow_170">#FFECB2,#3D2F00</color>
    <color name="Yellow_80">#CC9C00,#D6AF33</color>
    <color name="Yellow_90">#E6AF00,#D1A519</color>
    <color name="Yellow_BG_100">#EFB600,#BF9100</color>
    <color name="Yellow_BG_110">#F0BD19,#AB8200</color>
    <color name="Yellow_BG_130">#F3CC4D,#866500</color>
    <color name="Yellow_BG_90">#D7A400,#C59C1A</color>
    <color name="Red" cname="Red_100">#FA5151,#FA5151</color>
    <color name="Orange" cname="Orange_100">#FA9D3B,#C87D2F</color>
    <color name="Yellow" cname="Yellow_100">#FFBB00,#CC9C00</color>
    <color name="Green" cname="Green_100">#91D300,#74A800</color>
    <color name="LightGreen" cname="LightGreen_100">#95EC69,#3EB575</color>
    <color name="Brand" cname="Brand_100">#07C160,#07C160</color>
    <color name="LiveBrand" cname="OrangeRed_100">#FF6146,#FF6146</color>
    <color name="LiveBrand_170" cname="OrangeRed_100">#FF6146,#FF6146</color>
    <color name="LiveBrand_120" cname="OrangeRed_100">#FF6146,#FF6146</color>
    <color name="LiveBrand_100" cname="OrangeRed_100">#FF6146,#FF6146</color>
    <color name="LiveBrand_90" cname="OrangeRed_100">#FF6146,#FF6146</color>
    <color name="LiveBrand_80" cname="OrangeRed_100">#FF6146,#FF6146</color>
    <color name="LiveBrand_BG_130" cname="OrangeRed_100">#FF6146,#FF6146</color>
    <color name="LiveBrand_BG_110" cname="OrangeRed_100">#FF6146,#FF6146</color>
    <color name="LiveBrand_BG_100" cname="OrangeRed_100">#FF6146,#FF6146</color>
    <color name="LiveBrand_BG_90" cname="OrangeRed_100">#FF6146,#FF6146</color>
    <color name="Blue" cname="Blue_100">#10AEFF,#10AEFF</color>
    <color name="Indigo" cname="Indigo_100">#1485EE,#1196FF</color>
    <color name="Purple" cname="Purple_100">#6467F0,#8183FF</color>
    <color name="Button_Disabled_Overlay_BG">#F7F7F74D</color>
    <color name="Button_Primary_Overlay_FG">#000000E5</color>
    <color name="Button_Secondary_Overlay_BG">#F7F7F74D</color>
    <color name="ContextMenu_Sperator_FG">#FFFFFF1A</color>
    <color name="InformationBar_Errorweak_BG">#FA51511A</color>
    <color name="InformationBar_Warningweak_BG">#FA9D3B1A</color>
    <color name="Picker_List_SelectBG">#00000008</color>
    <color name="ProgressIndicator_Brand_BG">#07C1601A</color>
    <color name="SearchBar_Filled_GreyBG">#EDEDEDCC</color>
    <color name="Sheet_Grabbar_GrabFold_Color">#0000000D</color>
    <color name="Sheet_Grabbar_Grab_Color">#0000000D</color>
    <color name="Sheet_TopNavigationBar_LeftSide_Fold_FoldColor">#0000000D</color>
</resources>